table_family,table_name,column_name,data_type,nullable,roles
Aggregate volume counts,vehicle-count,count,integer,NO,Metric/measure
Aggregate volume counts,vehicle-count,date,varchar,NO,Time
Aggregate volume counts,vehicle-count,time_interval,varchar,NO,Time
Aggregate volume counts,vehicle-count,approach,varchar,NO,Spatial/entity
Aggregate volume counts,vehicle-count,class,varchar,NO,Categorical/code
Aggregate volume counts,vehicle-count,city,varchar,NO,Spatial/entity
Aggregate volume counts,vehicle-count,intersection,varchar,NO,Spatial/entity
Aggregate volume counts,vehicle-count,table,varchar,NO,Metadata/payload
Aggregate volume counts,vehicle-count,publish_timestamp,bigint,NO,Time
Aggregate volume counts,vehicle-count,movement,varchar,YES,Categorical/code
Aggregate volume counts,vehicle-count,data_provider,varchar,YES,Metadata/payload
Aggregate volume counts,vehicle-count,original_content,varchar,YES,Metadata/payload
Aggregate volume counts,vehicle-count,interval_start_timestamp,bigint,YES,Time
Aggregate volume counts,vehicle-count,interval_end_timestamp,bigint,YES,Time
Aggregate volume counts,vru-count,count,integer,NO,Metric/measure
Aggregate volume counts,vru-count,date,varchar,NO,Time
Aggregate volume counts,vru-count,time_interval,varchar,NO,Time
Aggregate volume counts,vru-count,approach,varchar,NO,Spatial/entity
Aggregate volume counts,vru-count,class,varchar,NO,Categorical/code
Aggregate volume counts,vru-count,city,varchar,NO,Spatial/entity
Aggregate volume counts,vru-count,intersection,varchar,NO,Spatial/entity
Aggregate volume counts,vru-count,table,varchar,NO,Metadata/payload
Aggregate volume counts,vru-count,publish_timestamp,bigint,NO,Time
Aggregate volume counts,vru-count,data_provider,varchar,YES,Metadata/payload
Aggregate volume counts,vru-count,original_content,varchar,YES,Metadata/payload
Aggregate volume counts,vru-count,interval_start_timestamp,bigint,YES,Time
Aggregate volume counts,vru-count,interval_end_timestamp,bigint,YES,Time
Derived safety analytics,safety-conflicts,city,varchar,NO,Spatial/entity
Derived safety analytics,safety-conflicts,data_provider,varchar,NO,Metadata/payload
Derived safety analytics,safety-conflicts,table,varchar,NO,Metadata/payload
Derived safety analytics,safety-conflicts,intersection_id,varchar,NO,Spatial/entity
Derived safety analytics,safety-conflicts,intersection,varchar,YES,Spatial/entity
Derived safety analytics,safety-conflicts,intersection_name,varchar,NO,Spatial/entity
Derived safety analytics,safety-conflicts,intersection_lat,double,YES,Spatial/entity
Derived safety analytics,safety-conflicts,intersection_long,double,YES,Spatial/entity
Derived safety analytics,safety-conflicts,publish_timestamp,bigint,NO,Time
Derived safety analytics,safety-conflicts,id,varchar,NO,Other
Derived safety analytics,safety-conflicts,indicator_type,varchar,NO,Categorical/code
Derived safety analytics,safety-conflicts,indicator_value,double,NO,Metric/measure
Derived safety analytics,safety-conflicts,date_time_local,bigint,NO,Time
Derived safety analytics,safety-conflicts,configuration,varchar,NO,Categorical/code
Derived safety analytics,safety-conflicts,severity_level,varchar,NO,Metric/measure
Derived safety analytics,safety-conflicts,conflict_speed,double,NO,Metric/measure
Derived safety analytics,safety-conflicts,leading_road_user_type,varchar,NO,Categorical/code
Derived safety analytics,safety-conflicts,leading_road_user_speed,double,NO,Metric/measure
Derived safety analytics,safety-conflicts,lagging_road_user_type,varchar,NO,Categorical/code
Derived safety analytics,safety-conflicts,lagging_road_user_speed,double,NO,Metric/measure
Derived safety analytics,safety-conflicts,original_content,varchar,NO,Metadata/payload
Derived safety analytics,safety-event,event_type,varchar,NO,Categorical/code
Derived safety analytics,safety-event,event_id,varchar,NO,Categorical/code
Derived safety analytics,safety-event,time_at_site,bigint,NO,Time
Derived safety analytics,safety-event,detection_area,varchar,NO,Spatial/entity
Derived safety analytics,safety-event,camera_id,varchar,NO,Spatial/entity
Derived safety analytics,safety-event,direction,varchar,YES,Categorical/code
Derived safety analytics,safety-event,movement,varchar,YES,Categorical/code
Derived safety analytics,safety-event,object1_class,varchar,YES,Categorical/code
Derived safety analytics,safety-event,object2_class,varchar,YES,Categorical/code
Derived safety analytics,safety-event,city,varchar,NO,Spatial/entity
Derived safety analytics,safety-event,intersection,varchar,NO,Spatial/entity
Derived safety analytics,safety-event,table,varchar,NO,Metadata/payload
Derived safety analytics,safety-event,publish_timestamp,bigint,NO,Time
Derived safety analytics,safety-event,data_provider,varchar,YES,Metadata/payload
Derived safety analytics,safety-event,original_content,varchar,YES,Metadata/payload
Derived safety analytics,safety-pedcompliance,city,varchar,NO,Spatial/entity
Derived safety analytics,safety-pedcompliance,data_provider,varchar,NO,Metadata/payload
Derived safety analytics,safety-pedcompliance,table,varchar,NO,Metadata/payload
Derived safety analytics,safety-pedcompliance,intersection_id,varchar,NO,Spatial/entity
Derived safety analytics,safety-pedcompliance,intersection,varchar,YES,Spatial/entity
Derived safety analytics,safety-pedcompliance,intersection_name,varchar,NO,Spatial/entity
Derived safety analytics,safety-pedcompliance,intersection_lat,double,YES,Spatial/entity
Derived safety analytics,safety-pedcompliance,intersection_long,double,YES,Spatial/entity
Derived safety analytics,safety-pedcompliance,publish_timestamp,bigint,NO,Time
Derived safety analytics,safety-pedcompliance,bin_start_date_time,bigint,NO,Time
Derived safety analytics,safety-pedcompliance,bin_end_date_time,bigint,NO,Time
Derived safety analytics,safety-pedcompliance,direction,varchar,NO,Categorical/code
Derived safety analytics,safety-pedcompliance,crosswalk_approach,varchar,NO,Spatial/entity
Derived safety analytics,safety-pedcompliance,classification,varchar,NO,Categorical/code
Derived safety analytics,safety-pedcompliance,yellow_light_runners,integer,YES,Metric/measure
Derived safety analytics,safety-pedcompliance,red_light_runners,integer,YES,Metric/measure
Derived safety analytics,safety-pedcompliance,original_content,varchar,NO,Metadata/payload
Derived safety analytics,safety-redlightrunners,city,varchar,NO,Spatial/entity
Derived safety analytics,safety-redlightrunners,data_provider,varchar,NO,Metadata/payload
Derived safety analytics,safety-redlightrunners,table,varchar,NO,Metadata/payload
Derived safety analytics,safety-redlightrunners,intersection_id,varchar,NO,Spatial/entity
Derived safety analytics,safety-redlightrunners,intersection,varchar,YES,Spatial/entity
Derived safety analytics,safety-redlightrunners,intersection_name,varchar,NO,Spatial/entity
Derived safety analytics,safety-redlightrunners,intersection_lat,double,YES,Spatial/entity
Derived safety analytics,safety-redlightrunners,intersection_long,double,YES,Spatial/entity
Derived safety analytics,safety-redlightrunners,publish_timestamp,bigint,NO,Time
Derived safety analytics,safety-redlightrunners,bin_start_date_time,bigint,NO,Time
Derived safety analytics,safety-redlightrunners,bin_end_date_time,bigint,NO,Time
Derived safety analytics,safety-redlightrunners,direction,varchar,NO,Categorical/code
Derived safety analytics,safety-redlightrunners,track_movement,varchar,NO,Categorical/code
Derived safety analytics,safety-redlightrunners,phase_movement,varchar,NO,Categorical/code
Derived safety analytics,safety-redlightrunners,yellow_light_runners,integer,YES,Metric/measure
Derived safety analytics,safety-redlightrunners,red_light_runners,integer,YES,Metric/measure
Derived safety analytics,safety-redlightrunners,original_content,varchar,NO,Metadata/payload
Derived safety analytics,safety-redlightrunners,classification,varchar,NO,Categorical/code
Derived safety analytics,safety-simpledelay,city,varchar,NO,Spatial/entity
Derived safety analytics,safety-simpledelay,data_provider,varchar,NO,Metadata/payload
Derived safety analytics,safety-simpledelay,table,varchar,NO,Metadata/payload
Derived safety analytics,safety-simpledelay,intersection_id,varchar,NO,Spatial/entity
Derived safety analytics,safety-simpledelay,intersection,varchar,YES,Spatial/entity
Derived safety analytics,safety-simpledelay,intersection_name,varchar,NO,Spatial/entity
Derived safety analytics,safety-simpledelay,intersection_lat,double,YES,Spatial/entity
Derived safety analytics,safety-simpledelay,intersection_long,double,YES,Spatial/entity
Derived safety analytics,safety-simpledelay,publish_timestamp,bigint,NO,Time
Derived safety analytics,safety-simpledelay,bin_start_date_time,bigint,NO,Time
Derived safety analytics,safety-simpledelay,bin_end_date_time,bigint,NO,Time
Derived safety analytics,safety-simpledelay,street_name,varchar,NO,Other
Derived safety analytics,safety-simpledelay,direction,varchar,NO,Categorical/code
Derived safety analytics,safety-simpledelay,movement,varchar,NO,Categorical/code
Derived safety analytics,safety-simpledelay,median_delay,double,YES,Metric/measure
Derived safety analytics,safety-simpledelay,average_delay,double,YES,Metric/measure
Derived safety analytics,safety-simpledelay,original_content,varchar,NO,Metadata/payload
High-resolution sensor/object streams,hiresdata,city,varchar,NO,Spatial/entity
High-resolution sensor/object streams,hiresdata,data_provider,varchar,NO,Metadata/payload
High-resolution sensor/object streams,hiresdata,table,varchar,NO,Metadata/payload
High-resolution sensor/object streams,hiresdata,intersection_id,varchar,NO,Spatial/entity
High-resolution sensor/object streams,hiresdata,intersection,varchar,YES,Spatial/entity
High-resolution sensor/object streams,hiresdata,intersection_name,varchar,NO,Spatial/entity
High-resolution sensor/object streams,hiresdata,intersection_lat,double,YES,Spatial/entity
High-resolution sensor/object streams,hiresdata,intersection_long,double,YES,Spatial/entity
High-resolution sensor/object streams,hiresdata,publish_timestamp,bigint,NO,Time
High-resolution sensor/object streams,hiresdata,event_timestamp,bigint,NO,Time
High-resolution sensor/object streams,hiresdata,event_code,integer,YES,Categorical/code
High-resolution sensor/object streams,hiresdata,event_param,integer,YES,Categorical/code
High-resolution sensor/object streams,hiresdata,original_content,varchar,NO,Metadata/payload
High-resolution sensor/object streams,lidar-object,city,varchar,NO,Spatial/entity
High-resolution sensor/object streams,lidar-object,data_provider,varchar,YES,Metadata/payload
High-resolution sensor/object streams,lidar-object,intersection,varchar,NO,Spatial/entity
High-resolution sensor/object streams,lidar-object,table,varchar,NO,Metadata/payload
High-resolution sensor/object streams,lidar-object,publish_timestamp,bigint,NO,Time
High-resolution sensor/object streams,lidar-object,perception_frame_count,integer,NO,Metric/measure
High-resolution sensor/object streams,lidar-object,frame_timestamp,bigint,NO,Time
High-resolution sensor/object streams,lidar-object,ahead_id,integer,YES,Spatial/entity
High-resolution sensor/object streams,lidar-object,behind_id,integer,YES,Spatial/entity
High-resolution sensor/object streams,lidar-object,classification,varchar,NO,Categorical/code
High-resolution sensor/object streams,lidar-object,classification_confidence,real,NO,Metric/measure
High-resolution sensor/object streams,lidar-object,classification_ts,bigint,YES,Time
High-resolution sensor/object streams,lidar-object,length,real,NO,Metric/measure
High-resolution sensor/object streams,lidar-object,width,real,NO,Metric/measure
High-resolution sensor/object streams,lidar-object,height,real,NO,Metric/measure
High-resolution sensor/object streams,lidar-object,distance_to_primary_sensor,real,NO,Metric/measure
High-resolution sensor/object streams,lidar-object,frame_count,integer,NO,Metric/measure
High-resolution sensor/object streams,lidar-object,heading,real,NO,Other
High-resolution sensor/object streams,lidar-object,id,integer,NO,Other
High-resolution sensor/object streams,lidar-object,initial_position_x,real,NO,Spatial/entity
High-resolution sensor/object streams,lidar-object,initial_position_y,real,NO,Spatial/entity
High-resolution sensor/object streams,lidar-object,initial_position_z,real,NO,Spatial/entity
High-resolution sensor/object streams,lidar-object,num_failed_returns,integer,YES,Metric/measure
High-resolution sensor/object streams,lidar-object,num_points,integer,NO,Time
High-resolution sensor/object streams,lidar-object,num_points_from_primary_sensor,integer,NO,Time
High-resolution sensor/object streams,lidar-object,orientation_qw,real,NO,Other
High-resolution sensor/object streams,lidar-object,orientation_qx,real,NO,Other
High-resolution sensor/object streams,lidar-object,orientation_qy,real,NO,Other
High-resolution sensor/object streams,lidar-object,orientation_qz,real,NO,Other
High-resolution sensor/object streams,lidar-object,position_x,real,NO,Spatial/entity
High-resolution sensor/object streams,lidar-object,position_y,real,NO,Spatial/entity
High-resolution sensor/object streams,lidar-object,position_z,real,NO,Spatial/entity
High-resolution sensor/object streams,lidar-object,position_uncertainty_x,real,NO,Spatial/entity
High-resolution sensor/object streams,lidar-object,position_uncertainty_y,real,NO,Spatial/entity
High-resolution sensor/object streams,lidar-object,position_uncertainty_z,real,NO,Spatial/entity
High-resolution sensor/object streams,lidar-object,primary_sensor,varchar,NO,Spatial/entity
High-resolution sensor/object streams,lidar-object,sub_classification,varchar,YES,Categorical/code
High-resolution sensor/object streams,lidar-object,sub_classification_confidence,real,YES,Metric/measure
High-resolution sensor/object streams,lidar-object,sub_classification_ts,bigint,YES,Time
High-resolution sensor/object streams,lidar-object,total_chained_object_length,real,NO,Metric/measure
High-resolution sensor/object streams,lidar-object,creation_ts,bigint,YES,Time
High-resolution sensor/object streams,lidar-object,update_ts,bigint,NO,Time
High-resolution sensor/object streams,lidar-object,user_defined_classification,varchar,YES,Categorical/code
High-resolution sensor/object streams,lidar-object,user_defined_classification_ts,bigint,NO,Time
High-resolution sensor/object streams,lidar-object,uuid,varchar,NO,Other
High-resolution sensor/object streams,lidar-object,velocity_x,real,NO,Metric/measure
High-resolution sensor/object streams,lidar-object,velocity_y,real,NO,Metric/measure
High-resolution sensor/object streams,lidar-object,velocity_z,real,NO,Metric/measure
High-resolution sensor/object streams,lidar-object,velocity_uncertainty_x,real,NO,Metric/measure
High-resolution sensor/object streams,lidar-object,velocity_uncertainty_y,real,NO,Metric/measure
High-resolution sensor/object streams,lidar-object,velocity_uncertainty_z,real,NO,Metric/measure
Raw V2X/message streams,bsm,city,varchar,NO,Spatial/entity
Raw V2X/message streams,bsm,intersection,varchar,YES,Spatial/entity
Raw V2X/message streams,bsm,table,varchar,NO,Metadata/payload
Raw V2X/message streams,bsm,publish_timestamp,bigint,NO,Time
Raw V2X/message streams,bsm,location_name,varchar,YES,Spatial/entity
Raw V2X/message streams,bsm,source_type,varchar,YES,Categorical/code
Raw V2X/message streams,bsm,vendor_name,varchar,YES,Metadata/payload
Raw V2X/message streams,bsm,vendor_version,varchar,YES,Metadata/payload
Raw V2X/message streams,bsm,misc,varchar,YES,Metadata/payload
Raw V2X/message streams,bsm,msg_cnt,integer,NO,Other
Raw V2X/message streams,bsm,id,bigint,NO,Other
Raw V2X/message streams,bsm,sec_mark,integer,YES,Time
Raw V2X/message streams,bsm,lat,double,YES,Spatial/entity
Raw V2X/message streams,bsm,lon,double,YES,Spatial/entity
Raw V2X/message streams,bsm,elev,real,YES,Spatial/entity
Raw V2X/message streams,bsm,accuracy_semi_major,real,YES,Other
Raw V2X/message streams,bsm,accuracy_semi_minor,real,YES,Other
Raw V2X/message streams,bsm,accuracy_orientation,real,YES,Other
Raw V2X/message streams,bsm,transmission,integer,YES,Categorical/code
Raw V2X/message streams,bsm,speed,real,YES,Metric/measure
Raw V2X/message streams,bsm,heading,real,YES,Other
Raw V2X/message streams,bsm,angle,real,YES,Other
Raw V2X/message streams,bsm,accel_lon,real,YES,Spatial/entity
Raw V2X/message streams,bsm,accel_lat,real,YES,Spatial/entity
Raw V2X/message streams,bsm,accel_vert,real,YES,Metric/measure
Raw V2X/message streams,bsm,accel_yaw,real,YES,Metric/measure
Raw V2X/message streams,bsm,brake_applied_status,integer,YES,Categorical/code
Raw V2X/message streams,bsm,traction_control_status,integer,YES,Categorical/code
Raw V2X/message streams,bsm,anti_lock_brake_status,integer,YES,Categorical/code
Raw V2X/message streams,bsm,stability_control_status,integer,YES,Categorical/code
Raw V2X/message streams,bsm,brake_boost_applied,integer,YES,Categorical/code
Raw V2X/message streams,bsm,auxiliary_brake_status,integer,YES,Categorical/code
Raw V2X/message streams,bsm,size_width,integer,YES,Metric/measure
Raw V2X/message streams,bsm,size_length,integer,YES,Metric/measure
Raw V2X/message streams,bsm,original_content_type,varchar,NO,Categorical/code
Raw V2X/message streams,bsm,original_content,varbinary,NO,Metadata/payload
Raw V2X/message streams,bsm,data_provider,varchar,YES,Metadata/payload
Raw V2X/message streams,psm,city,varchar,NO,Spatial/entity
Raw V2X/message streams,psm,intersection,varchar,YES,Spatial/entity
Raw V2X/message streams,psm,table,varchar,NO,Metadata/payload
Raw V2X/message streams,psm,publish_timestamp,bigint,NO,Time
Raw V2X/message streams,psm,location_name,varchar,YES,Spatial/entity
Raw V2X/message streams,psm,source_type,varchar,YES,Categorical/code
Raw V2X/message streams,psm,vendor_name,varchar,YES,Metadata/payload
Raw V2X/message streams,psm,vendor_version,varchar,YES,Metadata/payload
Raw V2X/message streams,psm,misc,varchar,YES,Metadata/payload
Raw V2X/message streams,psm,msg_cnt,integer,NO,Other
Raw V2X/message streams,psm,basic_type,integer,NO,Categorical/code
Raw V2X/message streams,psm,id,bigint,NO,Other
Raw V2X/message streams,psm,sec_mark,integer,YES,Time
Raw V2X/message streams,psm,lat,double,YES,Spatial/entity
Raw V2X/message streams,psm,lon,double,YES,Spatial/entity
Raw V2X/message streams,psm,elev,real,YES,Spatial/entity
Raw V2X/message streams,psm,accuracy_semi_major,real,YES,Other
Raw V2X/message streams,psm,accuracy_semi_minor,real,YES,Other
Raw V2X/message streams,psm,accuracy_orientation,real,YES,Other
Raw V2X/message streams,psm,speed,real,YES,Metric/measure
Raw V2X/message streams,psm,heading,real,YES,Other
Raw V2X/message streams,psm,accel_lon,real,YES,Spatial/entity
Raw V2X/message streams,psm,accel_lat,real,YES,Spatial/entity
Raw V2X/message streams,psm,accel_vert,real,YES,Metric/measure
Raw V2X/message streams,psm,accel_yaw,real,YES,Metric/measure
Raw V2X/message streams,psm,event_responder_type,integer,YES,Categorical/code
Raw V2X/message streams,psm,activity_type,integer,YES,Categorical/code
Raw V2X/message streams,psm,activity_sub_type,integer,YES,Categorical/code
Raw V2X/message streams,psm,original_content,varbinary,NO,Metadata/payload
Raw V2X/message streams,psm,data_provider,varchar,YES,Metadata/payload
Speed summaries,speed-distribution,speed_interval,varchar,NO,Metric/measure
Speed summaries,speed-distribution,approach,varchar,NO,Spatial/entity
Speed summaries,speed-distribution,count,integer,NO,Metric/measure
Speed summaries,speed-distribution,city,varchar,NO,Spatial/entity
Speed summaries,speed-distribution,intersection,varchar,NO,Spatial/entity
Speed summaries,speed-distribution,table,varchar,NO,Metadata/payload
Speed summaries,speed-distribution,publish_timestamp,bigint,NO,Time
Speed summaries,speed-distribution,start_timestamp,bigint,NO,Time
Speed summaries,speed-distribution,end_timestamp,bigint,NO,Time
Speed summaries,speed-distribution,data_provider,varchar,YES,Metadata/payload
Speed summaries,speed-distribution,original_content,varchar,YES,Metadata/payload
TMC operational feeds,tmc,city,varchar,NO,Spatial/entity
TMC operational feeds,tmc,data_provider,varchar,NO,Metadata/payload
TMC operational feeds,tmc,table,varchar,NO,Metadata/payload
TMC operational feeds,tmc,intersection_id,varchar,NO,Spatial/entity
TMC operational feeds,tmc,intersection,varchar,YES,Spatial/entity
TMC operational feeds,tmc,intersection_name,varchar,NO,Spatial/entity
TMC operational feeds,tmc,intersection_lat,double,YES,Spatial/entity
TMC operational feeds,tmc,intersection_long,double,YES,Spatial/entity
TMC operational feeds,tmc,publish_timestamp,bigint,NO,Time
TMC operational feeds,tmc,event_timestamp,bigint,NO,Time
TMC operational feeds,tmc,class,varchar,NO,Categorical/code
TMC operational feeds,tmc,entrance,varchar,NO,Spatial/entity
TMC operational feeds,tmc,exit,varchar,NO,Spatial/entity
TMC operational feeds,tmc,qty,integer,YES,Metric/measure
TMC operational feeds,tmc,original_content,varchar,NO,Metadata/payload
TMC operational feeds,tmc-crosswalk,city,varchar,NO,Spatial/entity
TMC operational feeds,tmc-crosswalk,data_provider,varchar,NO,Metadata/payload
TMC operational feeds,tmc-crosswalk,table,varchar,NO,Metadata/payload
TMC operational feeds,tmc-crosswalk,intersection_id,varchar,NO,Spatial/entity
TMC operational feeds,tmc-crosswalk,intersection,varchar,YES,Spatial/entity
TMC operational feeds,tmc-crosswalk,intersection_name,varchar,NO,Spatial/entity
TMC operational feeds,tmc-crosswalk,intersection_lat,double,YES,Spatial/entity
TMC operational feeds,tmc-crosswalk,intersection_long,double,YES,Spatial/entity
TMC operational feeds,tmc-crosswalk,publish_timestamp,bigint,NO,Time
TMC operational feeds,tmc-crosswalk,event_timestamp,bigint,NO,Time
TMC operational feeds,tmc-crosswalk,class,varchar,NO,Categorical/code
TMC operational feeds,tmc-crosswalk,crosswalk_side,varchar,NO,Spatial/entity
TMC operational feeds,tmc-crosswalk,direction,varchar,NO,Categorical/code
TMC operational feeds,tmc-crosswalk,qty,integer,YES,Metric/measure
TMC operational feeds,tmc-crosswalk,original_content,varchar,NO,Metadata/payload
TMC operational feeds,tmc-lanes,city,varchar,NO,Spatial/entity
TMC operational feeds,tmc-lanes,data_provider,varchar,NO,Metadata/payload
TMC operational feeds,tmc-lanes,table,varchar,NO,Metadata/payload
TMC operational feeds,tmc-lanes,intersection_id,varchar,NO,Spatial/entity
TMC operational feeds,tmc-lanes,intersection,varchar,YES,Spatial/entity
TMC operational feeds,tmc-lanes,intersection_name,varchar,NO,Spatial/entity
TMC operational feeds,tmc-lanes,intersection_lat,double,YES,Spatial/entity
TMC operational feeds,tmc-lanes,intersection_long,double,YES,Spatial/entity
TMC operational feeds,tmc-lanes,publish_timestamp,bigint,NO,Time
TMC operational feeds,tmc-lanes,event_timestamp,bigint,NO,Time
TMC operational feeds,tmc-lanes,class,varchar,NO,Categorical/code
TMC operational feeds,tmc-lanes,entrance,varchar,NO,Spatial/entity
TMC operational feeds,tmc-lanes,exit,varchar,NO,Spatial/entity
TMC operational feeds,tmc-lanes,lane_id,varchar,YES,Spatial/entity
TMC operational feeds,tmc-lanes,qty,integer,YES,Metric/measure
TMC operational feeds,tmc-lanes,original_content,varchar,NO,Metadata/payload